[{"IndicatorNo":0,"Topic":"Topic","Indicator":"Indicator","IndicatorName":"IndicatorName","Unit":"Unit"},{"IndicatorNo":1,"Topic":"Population","Indicator":"TPopulation1Jan","IndicatorName":"Total Population, as of 1 January","Unit":"thousands"},{"IndicatorNo":2,"Topic":"Population","Indicator":"TPopulation1July","IndicatorName":"Total Population, as of 1 July","Unit":"thousands"},{"IndicatorNo":3,"Topic":"Population","Indicator":"TPopulationMale1July","IndicatorName":"Male Population, as of 1 July","Unit":"thousands"},{"IndicatorNo":4,"Topic":"Population","Indicator":"TPopulationFemale1July","IndicatorName":"Female Population, as of 1 July","Unit":"thousands"},{"IndicatorNo":5,"Topic":"Population","Indicator":"PopDensity","IndicatorName":"Population Density, as of 1 July","Unit":"persons per square km"},{"IndicatorNo":6,"Topic":"Population","Indicator":"PopSexRatio","IndicatorName":"Population Sex Ratio, as of 1 July","Unit":"males per 100 females"},{"IndicatorNo":7,"Topic":"Population","Indicator":"MedianAgePop","IndicatorName":"Median Age, as of 1 July","Unit":"years"},{"IndicatorNo":8,"Topic":"Population","Indicator":"NatChange","IndicatorName":"Natural Change, Births minus Deaths","Unit":"thousands"},{"IndicatorNo":9,"Topic":"Population","Indicator":"NatChangeRT","IndicatorName":"Rate of Natural Change","Unit":"per 1,000 population"},{"IndicatorNo":10,"Topic":"Population","Indicator":"PopChange","IndicatorName":"Population Change","Unit":"thousands"},{"IndicatorNo":11,"Topic":"Population","Indicator":"PopGrowthRate","IndicatorName":"Population Growth Rate","Unit":"percentage"},{"IndicatorNo":12,"Topic":"Population","Indicator":"DoublingTime","IndicatorName":"Population Annual Doubling Time","Unit":"years"},{"IndicatorNo":13,"Topic":"Fertility","Indicator":"Births","IndicatorName":"Births","Unit":"thousands"},{"IndicatorNo":14,"Topic":"Fertility","Indicator":"Births1519","IndicatorName":"Births by women aged 15 to 19","Unit":"thousands"},{"IndicatorNo":15,"Topic":"Fertility","Indicator":"CBR","IndicatorName":"Crude Birth Rate","Unit":"births per 1,000 population"},{"IndicatorNo":16,"Topic":"Fertility","Indicator":"TFR","IndicatorName":"Total Fertility Rate","Unit":"live births per woman"},{"IndicatorNo":17,"Topic":"Fertility","Indicator":"NRR","IndicatorName":"Net Reproduction Rate","Unit":"surviving daughters per woman"},{"IndicatorNo":18,"Topic":"Fertility","Indicator":"MAC","IndicatorName":"Mean Age Childbearing","Unit":"years"},{"IndicatorNo":19,"Topic":"Fertility","Indicator":"SRB","IndicatorName":"Sex Ratio at Birth","Unit":"males per 100 female births"},{"IndicatorNo":20,"Topic":"Mortality","Indicator":"Deaths","IndicatorName":"Total Deaths","Unit":"thousands"},{"IndicatorNo":21,"Topic":"Mortality","Indicator":"DeathsMale","IndicatorName":"Male Deaths","Unit":"thousands"},{"IndicatorNo":22,"Topic":"Mortality","Indicator":"DeathsFemale","IndicatorName":"Female Deaths","Unit":"thousands"},{"IndicatorNo":23,"Topic":"Mortality","Indicator":"CDR","IndicatorName":"Crude Death Rate","Unit":"deaths per 1,000 population"},{"IndicatorNo":24,"Topic":"Mortality","Indicator":"LEx","IndicatorName":"Life Expectancy at Birth, both sexes","Unit":"years"},{"IndicatorNo":25,"Topic":"Mortality","Indicator":"LExMale","IndicatorName":"Male Life Expectancy at Birth","Unit":"years"},{"IndicatorNo":26,"Topic":"Mortality","Indicator":"LExFemale","IndicatorName":"Female Life Expectancy at Birth","Unit":"years"},{"IndicatorNo":27,"Topic":"Mortality","Indicator":"LE15","IndicatorName":"Life Expectancy at Age 15, both sexes","Unit":"years"},{"IndicatorNo":28,"Topic":"Mortality","Indicator":"LE15Male","IndicatorName":"Male Life Expectancy at Age 15","Unit":"years"},{"IndicatorNo":29,"Topic":"Mortality","Indicator":"LE15Female","IndicatorName":"Female Life Expectancy at Age 15","Unit":"years"},{"IndicatorNo":30,"Topic":"Mortality","Indicator":"LE65","IndicatorName":"Life Expectancy at Age 65, both sexes","Unit":"years"},{"IndicatorNo":31,"Topic":"Mortality","Indicator":"LE65Male","IndicatorName":"Male Life Expectancy at Age 65","Unit":"years"},{"IndicatorNo":32,"Topic":"Mortality","Indicator":"LE65Female","IndicatorName":"Female Life Expectancy at Age 65","Unit":"years"},{"IndicatorNo":33,"Topic":"Mortality","Indicator":"LE80","IndicatorName":"Life Expectancy at Age 80, both sexes","Unit":"years"},{"IndicatorNo":34,"Topic":"Mortality","Indicator":"LE80Male","IndicatorName":"Male Life Expectancy at Age 80","Unit":"years"},{"IndicatorNo":35,"Topic":"Mortality","Indicator":"LE80Female","IndicatorName":"Female Life Expectancy at Age 80","Unit":"years"},{"IndicatorNo":36,"Topic":"Mortality","Indicator":"InfantDeaths","IndicatorName":"Infant Deaths, under age 1","Unit":"thousands"},{"IndicatorNo":37,"Topic":"Mortality","Indicator":"IMR","IndicatorName":"Infant Mortality Rate","Unit":"infant deaths per 1,000 live births"},{"IndicatorNo":38,"Topic":"Mortality","Indicator":"LBsurvivingAge1","IndicatorName":"Live births Surviving to Age 1","Unit":"thousands"},{"IndicatorNo":39,"Topic":"Mortality","Indicator":"Under5Deaths","IndicatorName":"Deaths under age 5","Unit":"thousands"},{"IndicatorNo":40,"Topic":"Mortality","Indicator":"Q5","IndicatorName":"Under-five Mortality Rate","Unit":"deaths under age 5 per 1,000 live births"},{"IndicatorNo":41,"Topic":"Mortality","Indicator":"Q0040","IndicatorName":"Mortality before Age 40, both sexes","Unit":"deaths under age 40 per 1,000 live births"},{"IndicatorNo":42,"Topic":"Mortality","Indicator":"Q0040Male","IndicatorName":"Male mortality before Age 40","Unit":"deaths under age 40 per 1,000 male live births"},{"IndicatorNo":43,"Topic":"Mortality","Indicator":"Q0040Female","IndicatorName":"Female mortality before Age 40","Unit":"deaths under age 40 per 1,000 female live births"},{"IndicatorNo":44,"Topic":"Mortality","Indicator":"Q0060","IndicatorName":"Mortality before Age 60, both sexes","Unit":"deaths under age 60 per 1,000 live births"},{"IndicatorNo":45,"Topic":"Mortality","Indicator":"Q0060Male","IndicatorName":"Male mortality before Age 60","Unit":"deaths under age 60 per 1,000 male live births"},{"IndicatorNo":46,"Topic":"Mortality","Indicator":"Q0060Female","IndicatorName":"Female mortality before Age 60","Unit":"deaths under age 60 per 1,000 female live births"},{"IndicatorNo":47,"Topic":"Mortality","Indicator":"Q1550","IndicatorName":"Mortality between Age 15 and 50, both sexes","Unit":"deaths under age 50 per 1,000 alive at age 15"},{"IndicatorNo":48,"Topic":"Mortality","Indicator":"Q1550Male","IndicatorName":"Male mortality between Age 15 and 50","Unit":"deaths under age 50 per 1,000 males alive at age 15"},{"IndicatorNo":49,"Topic":"Mortality","Indicator":"Q1550Female","IndicatorName":"Female mortality between Age 15 and 50","Unit":"deaths under age 50 per 1,000 females alive at age 15"},{"IndicatorNo":50,"Topic":"Mortality","Indicator":"Q1560","IndicatorName":"Mortality between Age 15 and 60, both sexes","Unit":"deaths under age 60 per 1,000 alive at age 15"},{"IndicatorNo":51,"Topic":"Mortality","Indicator":"Q1560Male","IndicatorName":"Male mortality between Age 15 and 60","Unit":"deaths under age 60 per 1,000 males alive at age 15"},{"IndicatorNo":52,"Topic":"Mortality","Indicator":"Q1560Female","IndicatorName":"Female mortality between Age 15 and 60","Unit":"deaths under age 60 per 1,000 females alive at age 15"},{"IndicatorNo":53,"Topic":"Migration","Indicator":"NetMigrations","IndicatorName":"Net Number of Migrants","Unit":"thousands"},{"IndicatorNo":54,"Topic":"Migration","Indicator":"CNMR","IndicatorName":"Net Migration Rate","Unit":"per 1,000 population"}]